[
    {
        "id": 331,
        "digitalId": 0,
        "title": "Gun Theory (2003) #4",
        "issueNumber": 4,
        "variantDescription": "",
        "description": "",
        "modified": "-0001-11-30T00:00:00-0500",
        "isbn": "",
        "upc": "5960605468-00111",
        "diamondCode": "",
        "ean": "",
        "issn": "",
        "format": "Comic",
        "pageCount": 0,
        "textObjects": [
            {
                "type": "issue_solicit_text",
                "language": "en-us",
                "text": "The phone rings, and killer-for-hire Harvey embarks on another hit. But nothing's going right this job. There's little room for error in the business of killing - so what happens when one occurs?\r\n32 PGS./ PARENTAL ADVISORY ...$2.50"
            }
        ],
        "resourceURI": "http://gateway.marvel.com/v1/public/comics/331",
        "urls": [
            {
                "type": "detail",
                "url": "http://marvel.com/comics/issue/331/gun_theory_2003_4?utm_campaign=apiRef&utm_source=14d8a14b31c283549128e029eb25dbba"
            }
        ],
        "series": {
            "resourceURI": "http://gateway.marvel.com/v1/public/series/649",
            "name": "Gun Theory (2003)"
        },
        "variants": [],
        "collections": [],
        "collectedIssues": [],
        "dates": [
            {
                "type": "onsaleDate",
                "date": "2029-12-31T00:00:00-0500"
            },
            {
                "type": "focDate",
                "date": "-0001-11-30T00:00:00-0500"
            }
        ],
        "prices": [
            {
                "type": "printPrice",
                "price": 2.5
            }
        ],
        "thumbnail": {
            "path": "assets/comics/4",
            "extension": "jpeg"
        },
        "images": [
            {
                "path": "http://i.annihil.us/u/prod/marvel/i/mg/c/60/4bc69f11baf75",
                "extension": "jpeg"
            }
        ],
        "creators": {
            "available": 0,
            "collectionURI": "http://gateway.marvel.com/v1/public/comics/331/creators",
            "items": [],
            "returned": 0
        },
        "characters": {
            "available": 0,
            "collectionURI": "http://gateway.marvel.com/v1/public/comics/331/characters",
            "items": [],
            "returned": 0
        },
        "stories": {
            "available": 2,
            "collectionURI": "http://gateway.marvel.com/v1/public/comics/331/stories",
            "items": [
                {
                    "resourceURI": "http://gateway.marvel.com/v1/public/stories/2263",
                    "name": "Interior #2263",
                    "type": "interiorStory"
                },
                {
                    "resourceURI": "http://gateway.marvel.com/v1/public/stories/65423",
                    "name": "GUN THEORY 4 cover",
                    "type": "cover"
                }
            ],
            "returned": 2
        },
        "events": {
            "available": 0,
            "collectionURI": "http://gateway.marvel.com/v1/public/comics/331/events",
            "items": [],
            "returned": 0
        }
    }
]