[
    {
        "id": 82965,
        "digitalId": 0,
        "title": "Marvel Previews (2017)",
        "issueNumber": 0,
        "variantDescription": "",
        "description": "",
        "modified": "2019-08-21T17:11:27-0400",
        "isbn": "",
        "upc": "75960608839302611",
        "diamondCode": "JUL190068",
        "ean": "",
        "issn": "",
        "format": "",
        "pageCount": 152,
        "textObjects": [],
        "resourceURI": "http://gateway.marvel.com/v1/public/comics/82965",
        "urls": [
          {
            "type": "detail",
            "url": "http://marvel.com/comics/issue/82965/marvel_previews_2017?utm_campaign=apiRef&utm_source=14d8a14b31c283549128e029eb25dbba"
          }
        ],
        "series": {
          "resourceURI": "http://gateway.marvel.com/v1/public/series/23665",
          "name": "Marvel Previews (2017 - Present)"
        },
        "variants": [
          {
            "resourceURI": "http://gateway.marvel.com/v1/public/comics/82967",
            "name": "Marvel Previews (2017)"
          },
          {
            "resourceURI": "http://gateway.marvel.com/v1/public/comics/82970",
            "name": "Marvel Previews (2017)"
          },
          {
            "resourceURI": "http://gateway.marvel.com/v1/public/comics/82969",
            "name": "Marvel Previews (2017)"
          },
          {
            "resourceURI": "http://gateway.marvel.com/v1/public/comics/74697",
            "name": "Marvel Previews (2017)"
          },
          {
            "resourceURI": "http://gateway.marvel.com/v1/public/comics/72736",
            "name": "Marvel Previews (2017)"
          },
          {
            "resourceURI": "http://gateway.marvel.com/v1/public/comics/75668",
            "name": "Marvel Previews (2017)"
          },
          {
            "resourceURI": "http://gateway.marvel.com/v1/public/comics/65364",
            "name": "Marvel Previews (2017)"
          },
          {
            "resourceURI": "http://gateway.marvel.com/v1/public/comics/65158",
            "name": "Marvel Previews (2017)"
          },
          {
            "resourceURI": "http://gateway.marvel.com/v1/public/comics/65028",
            "name": "Marvel Previews (2017)"
          },
          {
            "resourceURI": "http://gateway.marvel.com/v1/public/comics/75662",
            "name": "Marvel Previews (2017)"
          },
          {
            "resourceURI": "http://gateway.marvel.com/v1/public/comics/74320",
            "name": "Marvel Previews (2017)"
          },
          {
            "resourceURI": "http://gateway.marvel.com/v1/public/comics/73776",
            "name": "Marvel Previews (2017)"
          }
        ],
        "collections": [],
        "collectedIssues": [],
        "dates": [
          {
            "type": "onsaleDate",
            "date": "2099-08-28T00:00:00-0500"
          },
          {
            "type": "focDate",
            "date": "2019-08-05T00:00:00-0400"
          }
        ],
        "prices": [{ "type": "printPrice", "price": 0 }],
        "thumbnail": {
          "path": "http://i.annihil.us/u/prod/marvel/i/mg/b/40/image_not_available",
          "extension": "jpeg"
        },
        "images": [],
        "creators": {
          "available": 0,
          "collectionURI": "http://gateway.marvel.com/v1/public/comics/82965/creators",
          "items": [],
          "returned": 0
        },
        "characters": {
          "available": 0,
          "collectionURI": "http://gateway.marvel.com/v1/public/comics/82965/characters",
          "items": [],
          "returned": 0
        },
        "stories": {
          "available": 0,
          "collectionURI": "http://gateway.marvel.com/v1/public/comics/82965/stories",
          "items": [],
          "returned": 0
        },
        "events": {
          "available": 0,
          "collectionURI": "http://gateway.marvel.com/v1/public/comics/82965/events",
          "items": [],
          "returned": 0
        }
      }
]